['107', '2015-12-1']
['107', '2015-12-1']
['107', '2015-12-1']
['107', '2015-12-1']
['107', '2015-12-1']
['107', '2015-12-1']
['107', '2015-12-10']
['107', '2015-12-10']
['107', '2015-12-10']
['107', '2015-12-10']
['107', '2015-12-10']
['107', '2015-12-10']
['107', '2015-12-2']
['107', '2015-12-2']
['107', '2015-12-2']
['107', '2015-12-2']
['107', '2015-12-2']
['107', '2015-12-2']
['107', '2015-12-3']
['107', '2015-12-3']
['107', '2015-12-3']
['107', '2015-12-3']
['107', '2015-12-4']
['107', '2015-12-4']
['107', '2015-12-4']
['107', '2015-12-4']
['107', '2015-12-4']
['107', '2015-12-5']
['107', '2015-12-6']
['107', '2015-12-6']
['107', '2015-12-7']
['107', '2015-12-7']
['107', '2015-12-7']
['107', '2015-12-7']
['107', '2015-12-7']
['107', '2015-12-8']
['107', '2015-12-8']
['107', '2015-12-8']
['107', '2015-12-8']
['107', '2015-12-8']
['107', '2015-12-8']
['107', '2015-12-9']
['107', '2015-12-9']
['107', '2015-12-9']
['108', '2015-12-1']
['108', '2015-12-1']
['108', '2015-12-1']
['108', '2015-12-1']
['108', '2015-12-1']
['108', '2015-12-1']
['108', '2015-12-1']
['108', '2015-12-1']
['108', '2015-12-1']
['108', '2015-12-10']
['108', '2015-12-10']
['108', '2015-12-10']
['108', '2015-12-10']
['108', '2015-12-10']
['108', '2015-12-10']
['108', '2015-12-10']
['108', '2015-12-10']
['108', '2015-12-10']
['108', '2015-12-10']
['108', '2015-12-10']
['108', '2015-12-10']
['108', '2015-12-10']
['108', '2015-12-10']
['108', '2015-12-2']
['108', '2015-12-2']
['108', '2015-12-2']
['108', '2015-12-2']
['108', '2015-12-2']
['108', '2015-12-2']
['108', '2015-12-2']
['108', '2015-12-2']
['108', '2015-12-2']
['108', '2015-12-2']
['108', '2015-12-2']
['108', '2015-12-2']
['108', '2015-12-3']
['108', '2015-12-3']
['108', '2015-12-3']
['108', '2015-12-3']
['108', '2015-12-3']
['108', '2015-12-3']
['108', '2015-12-3']
['108', '2015-12-3']
['108', '2015-12-3']
['108', '2015-12-3']
['108', '2015-12-3']
['108', '2015-12-4']
['108', '2015-12-4']
['108', '2015-12-4']
['108', '2015-12-4']
['108', '2015-12-4']
['108', '2015-12-4']
['108', '2015-12-4']
['108', '2015-12-4']
['108', '2015-12-4']
['108', '2015-12-4']
['108', '2015-12-4']
['108', '2015-12-5']
['108', '2015-12-5']
['108', '2015-12-5']
['108', '2015-12-5']
['108', '2015-12-5']
['108', '2015-12-5']
['108', '2015-12-5']
['108', '2015-12-5']
['108', '2015-12-6']
['108', '2015-12-6']
['108', '2015-12-6']
['108', '2015-12-6']
['108', '2015-12-6']
['108', '2015-12-6']
['108', '2015-12-6']
['108', '2015-12-6']
['108', '2015-12-6']
['108', '2015-12-7']
['108', '2015-12-7']
['108', '2015-12-7']
['108', '2015-12-7']
['108', '2015-12-7']
['108', '2015-12-7']
['108', '2015-12-7']
['108', '2015-12-7']
['108', '2015-12-7']
['108', '2015-12-7']
['108', '2015-12-8']
['108', '2015-12-8']
['108', '2015-12-8']
['108', '2015-12-8']
['108', '2015-12-8']
['108', '2015-12-8']
['108', '2015-12-8']
['108', '2015-12-8']
['108', '2015-12-8']
['108', '2015-12-8']
['108', '2015-12-8']
['108', '2015-12-8']
['108', '2015-12-9']
['108', '2015-12-9']
['108', '2015-12-9']
['108', '2015-12-9']
['108', '2015-12-9']
['108', '2015-12-9']
['108', '2015-12-9']
['108', '2015-12-9']
['108', '2015-12-9']
['108', '2015-12-9']
['108', '2015-12-9']
['108', '2015-12-9']
['108', '2015-12-9']
['108', '2015-12-9']
['108', '2015-12-9']
['109', '2015-12-1']
['109', '2015-12-10']
['109', '2015-12-2']
['109', '2015-12-2']
['109', '2015-12-3']
['109', '2015-12-5']
['109', '2015-12-5']
['109', '2015-12-5']
['109', '2015-12-7']
['109', '2015-12-7']
['109', '2015-12-8']
['109', '2015-12-9']
['110', '2015-12-1']
['110', '2015-12-2']
['110', '2015-12-2']
['110', '2015-12-3']
['110', '2015-12-3']
['110', '2015-12-4']
['110', '2015-12-5']
['110', '2015-12-5']
['110', '2015-12-6']
['110', '2015-12-6']
['110', '2015-12-7']
['110', '2015-12-8']
['110', '2015-12-9']
['111', '2015-12-10']
['111', '2015-12-2']
['111', '2015-12-2']
['111', '2015-12-3']
['111', '2015-12-7']
['112', '2015-12-6']
['112', '2015-12-8']
['114', '2015-12-9']
['132', '2015-12-1']
['132', '2015-12-1']
['132', '2015-12-1']
['132', '2015-12-1']
['132', '2015-12-1']
['132', '2015-12-1']
['132', '2015-12-1']
['132', '2015-12-1']
['132', '2015-12-1']
['132', '2015-12-1']
['132', '2015-12-1']
['132', '2015-12-1']
['132', '2015-12-1']
['132', '2015-12-1']
['132', '2015-12-1']
['132', '2015-12-1']
['132', '2015-12-1']
['132', '2015-12-1']
['132', '2015-12-1']
['132', '2015-12-1']
['132', '2015-12-10']
['132', '2015-12-10']
['132', '2015-12-10']
['132', '2015-12-10']
['132', '2015-12-10']
['132', '2015-12-10']
['132', '2015-12-10']
['132', '2015-12-10']
['132', '2015-12-10']
['132', '2015-12-10']
['132', '2015-12-10']
['132', '2015-12-10']
['132', '2015-12-10']
['132', '2015-12-10']
['132', '2015-12-10']
['132', '2015-12-10']
['132', '2015-12-10']
['132', '2015-12-10']
['132', '2015-12-10']
['132', '2015-12-10']
['132', '2015-12-10']
['132', '2015-12-10']
['132', '2015-12-10']
['132', '2015-12-2']
['132', '2015-12-2']
['132', '2015-12-2']
['132', '2015-12-2']
['132', '2015-12-2']
['132', '2015-12-2']
['132', '2015-12-2']
['132', '2015-12-2']
['132', '2015-12-2']
['132', '2015-12-2']
['132', '2015-12-2']
['132', '2015-12-2']
['132', '2015-12-2']
['132', '2015-12-2']
['132', '2015-12-2']
['132', '2015-12-2']
['132', '2015-12-2']
['132', '2015-12-2']
['132', '2015-12-2']
['132', '2015-12-2']
['132', '2015-12-3']
['132', '2015-12-3']
['132', '2015-12-3']
['132', '2015-12-3']
['132', '2015-12-3']
['132', '2015-12-3']
['132', '2015-12-3']
['132', '2015-12-3']
['132', '2015-12-3']
['132', '2015-12-3']
['132', '2015-12-4']
['132', '2015-12-4']
['132', '2015-12-4']
['132', '2015-12-4']
['132', '2015-12-4']
['132', '2015-12-4']
['132', '2015-12-4']
['132', '2015-12-4']
['132', '2015-12-4']
['132', '2015-12-4']
['132', '2015-12-4']
['132', '2015-12-4']
['132', '2015-12-4']
['132', '2015-12-4']
['132', '2015-12-4']
['132', '2015-12-4']
['132', '2015-12-5']
['132', '2015-12-5']
['132', '2015-12-5']
['132', '2015-12-5']
['132', '2015-12-5']
['132', '2015-12-5']
['132', '2015-12-5']
['132', '2015-12-5']
['132', '2015-12-5']
['132', '2015-12-5']
['132', '2015-12-5']
['132', '2015-12-5']
['132', '2015-12-5']
['132', '2015-12-5']
['132', '2015-12-5']
['132', '2015-12-5']
['132', '2015-12-5']
['132', '2015-12-5']
['132', '2015-12-5']
['132', '2015-12-5']
['132', '2015-12-5']
['132', '2015-12-6']
['132', '2015-12-6']
['132', '2015-12-6']
['132', '2015-12-6']
['132', '2015-12-6']
['132', '2015-12-6']
['132', '2015-12-6']
['132', '2015-12-6']
['132', '2015-12-6']
['132', '2015-12-6']
['132', '2015-12-6']
['132', '2015-12-6']
['132', '2015-12-6']
['132', '2015-12-7']
['132', '2015-12-7']
['132', '2015-12-7']
['132', '2015-12-7']
['132', '2015-12-7']
['132', '2015-12-7']
['132', '2015-12-7']
['132', '2015-12-7']
['132', '2015-12-7']
['132', '2015-12-7']
['132', '2015-12-7']
['132', '2015-12-7']
['132', '2015-12-7']
['132', '2015-12-7']
['132', '2015-12-7']
['132', '2015-12-7']
['132', '2015-12-8']
['132', '2015-12-8']
['132', '2015-12-8']
['132', '2015-12-8']
['132', '2015-12-8']
['132', '2015-12-8']
['132', '2015-12-8']
['132', '2015-12-8']
['132', '2015-12-8']
['132', '2015-12-8']
['132', '2015-12-8']
['132', '2015-12-8']
['132', '2015-12-8']
['132', '2015-12-8']
['132', '2015-12-8']
['132', '2015-12-8']
['132', '2015-12-8']
['132', '2015-12-8']
['132', '2015-12-8']
['132', '2015-12-8']
['132', '2015-12-8']
['132', '2015-12-8']
['132', '2015-12-8']
['132', '2015-12-9']
['132', '2015-12-9']
['132', '2015-12-9']
['132', '2015-12-9']
['132', '2015-12-9']
['132', '2015-12-9']
['132', '2015-12-9']
['132', '2015-12-9']
['132', '2015-12-9']
['132', '2015-12-9']
['132', '2015-12-9']
['132', '2015-12-9']
['132', '2015-12-9']
['132', '2015-12-9']
['132', '2015-12-9']
['133', '2015-12-1']
['133', '2015-12-1']
['133', '2015-12-1']
['133', '2015-12-1']
['133', '2015-12-1']
['133', '2015-12-1']
['133', '2015-12-10']
['133', '2015-12-10']
['133', '2015-12-10']
['133', '2015-12-10']
['133', '2015-12-10']
['133', '2015-12-10']
['133', '2015-12-2']
['133', '2015-12-2']
['133', '2015-12-2']
['133', '2015-12-2']
['133', '2015-12-2']
['133', '2015-12-2']
['133', '2015-12-3']
['133', '2015-12-3']
['133', '2015-12-3']
['133', '2015-12-3']
['133', '2015-12-3']
['133', '2015-12-3']
['133', '2015-12-4']
['133', '2015-12-4']
['133', '2015-12-4']
['133', '2015-12-4']
['133', '2015-12-4']
['133', '2015-12-4']
['133', '2015-12-5']
['133', '2015-12-5']
['133', '2015-12-5']
['133', '2015-12-5']
['133', '2015-12-5']
['133', '2015-12-6']
['133', '2015-12-6']
['133', '2015-12-6']
['133', '2015-12-6']
['133', '2015-12-6']
['133', '2015-12-7']
['133', '2015-12-7']
['133', '2015-12-7']
['133', '2015-12-8']
['133', '2015-12-8']
['133', '2015-12-8']
['133', '2015-12-8']
['133', '2015-12-8']
['133', '2015-12-8']
['133', '2015-12-8']
['133', '2015-12-8']
['133', '2015-12-8']
['133', '2015-12-9']
['133', '2015-12-9']
['133', '2015-12-9']
['133', '2015-12-9']
['133', '2015-12-9']
['133', '2015-12-9']
['133', '2015-12-9']
['134', '2015-12-1']
['134', '2015-12-1']
['134', '2015-12-1']
['134', '2015-12-10']
['134', '2015-12-10']
['134', '2015-12-2']
['134', '2015-12-3']
['134', '2015-12-3']
['134', '2015-12-3']
['134', '2015-12-3']
['134', '2015-12-4']
['134', '2015-12-4']
['134', '2015-12-5']
['134', '2015-12-5']
['134', '2015-12-5']
['134', '2015-12-5']
['134', '2015-12-5']
['134', '2015-12-6']
['134', '2015-12-6']
['134', '2015-12-6']
['134', '2015-12-7']
['134', '2015-12-7']
['134', '2015-12-7']
['134', '2015-12-8']
['134', '2015-12-8']
['134', '2015-12-8']
['134', '2015-12-8']
['134', '2015-12-9']
['134', '2015-12-9']
['135', '2015-12-1']
['135', '2015-12-1']
['135', '2015-12-10']
['135', '2015-12-10']
['135', '2015-12-2']
['135', '2015-12-4']
['135', '2015-12-4']
['135', '2015-12-6']
['135', '2015-12-6']
['135', '2015-12-7']
['135', '2015-12-8']
['135', '2015-12-9']
['136', '2015-12-1']
['136', '2015-12-1']
['136', '2015-12-1']
['136', '2015-12-1']
['136', '2015-12-10']
['136', '2015-12-2']
['136', '2015-12-2']
['136', '2015-12-2']
['136', '2015-12-3']
['136', '2015-12-3']
['136', '2015-12-4']
['136', '2015-12-4']
['136', '2015-12-4']
['136', '2015-12-4']
['136', '2015-12-5']
['136', '2015-12-5']
['136', '2015-12-5']
['136', '2015-12-5']
['136', '2015-12-6']
['136', '2015-12-6']
['136', '2015-12-6']
['136', '2015-12-7']
['136', '2015-12-7']
['136', '2015-12-8']
['136', '2015-12-8']
['136', '2015-12-8']
['136', '2015-12-9']
['136', '2015-12-9']
['137', '2015-12-10']
['137', '2015-12-4']
['137', '2015-12-7']
['137', '2015-12-8']
['137', '2015-12-9']
['139', '2015-12-9']
['156', '2015-12-1']
['156', '2015-12-1']
['156', '2015-12-1']
['156', '2015-12-1']
['156', '2015-12-1']
['156', '2015-12-1']
['156', '2015-12-10']
['156', '2015-12-10']
['156', '2015-12-10']
['156', '2015-12-10']
['156', '2015-12-10']
['156', '2015-12-10']
['156', '2015-12-10']
['156', '2015-12-2']
['156', '2015-12-2']
['156', '2015-12-2']
['156', '2015-12-2']
['156', '2015-12-2']
['156', '2015-12-2']
['156', '2015-12-2']
['156', '2015-12-2']
['156', '2015-12-2']
['156', '2015-12-2']
['156', '2015-12-3']
['156', '2015-12-3']
['156', '2015-12-3']
['156', '2015-12-3']
['156', '2015-12-3']
['156', '2015-12-3']
['156', '2015-12-3']
['156', '2015-12-3']
['156', '2015-12-3']
['156', '2015-12-4']
['156', '2015-12-4']
['156', '2015-12-4']
['156', '2015-12-4']
['156', '2015-12-4']
['156', '2015-12-4']
['156', '2015-12-4']
['156', '2015-12-5']
['156', '2015-12-5']
['156', '2015-12-5']
['156', '2015-12-5']
['156', '2015-12-5']
['156', '2015-12-5']
['156', '2015-12-5']
['156', '2015-12-5']
['156', '2015-12-5']
['156', '2015-12-5']
['156', '2015-12-6']
['156', '2015-12-6']
['156', '2015-12-6']
['156', '2015-12-6']
['156', '2015-12-6']
['156', '2015-12-6']
['156', '2015-12-6']
['156', '2015-12-6']
['156', '2015-12-7']
['156', '2015-12-7']
['156', '2015-12-7']
['156', '2015-12-7']
['156', '2015-12-7']
['156', '2015-12-7']
['156', '2015-12-7']
['156', '2015-12-7']
['156', '2015-12-7']
['156', '2015-12-7']
['156', '2015-12-8']
['156', '2015-12-8']
['156', '2015-12-8']
['156', '2015-12-8']
['156', '2015-12-9']
['156', '2015-12-9']
['156', '2015-12-9']
['156', '2015-12-9']
['156', '2015-12-9']
['156', '2015-12-9']
['156', '2015-12-9']
['157', '2015-12-1']
['157', '2015-12-1']
['157', '2015-12-1']
['157', '2015-12-1']
['157', '2015-12-1']
['157', '2015-12-1']
['157', '2015-12-1']
['157', '2015-12-1']
['157', '2015-12-1']
['157', '2015-12-1']
['157', '2015-12-1']
['157', '2015-12-1']
['157', '2015-12-1']
['157', '2015-12-1']
['157', '2015-12-1']
['157', '2015-12-1']
['157', '2015-12-1']
['157', '2015-12-1']
['157', '2015-12-1']
['157', '2015-12-1']
['157', '2015-12-1']
['157', '2015-12-1']
['157', '2015-12-1']
['157', '2015-12-1']
['157', '2015-12-10']
['157', '2015-12-10']
['157', '2015-12-10']
['157', '2015-12-10']
['157', '2015-12-10']
['157', '2015-12-10']
['157', '2015-12-10']
['157', '2015-12-10']
['157', '2015-12-10']
['157', '2015-12-10']
['157', '2015-12-10']
['157', '2015-12-10']
['157', '2015-12-10']
['157', '2015-12-10']
['157', '2015-12-10']
['157', '2015-12-10']
['157', '2015-12-10']
['157', '2015-12-2']
['157', '2015-12-2']
['157', '2015-12-2']
['157', '2015-12-2']
['157', '2015-12-2']
['157', '2015-12-2']
['157', '2015-12-2']
['157', '2015-12-2']
['157', '2015-12-2']
['157', '2015-12-2']
['157', '2015-12-2']
['157', '2015-12-2']
['157', '2015-12-2']
['157', '2015-12-2']
['157', '2015-12-2']
['157', '2015-12-2']
['157', '2015-12-2']
['157', '2015-12-2']
['157', '2015-12-2']
['157', '2015-12-2']
['157', '2015-12-2']
['157', '2015-12-2']
['157', '2015-12-2']
['157', '2015-12-3']
['157', '2015-12-3']
['157', '2015-12-3']
['157', '2015-12-3']
['157', '2015-12-3']
['157', '2015-12-3']
['157', '2015-12-3']
['157', '2015-12-3']
['157', '2015-12-3']
['157', '2015-12-3']
['157', '2015-12-3']
['157', '2015-12-3']
['157', '2015-12-3']
['157', '2015-12-3']
['157', '2015-12-3']
['157', '2015-12-3']
['157', '2015-12-3']
['157', '2015-12-3']
['157', '2015-12-3']
['157', '2015-12-3']
['157', '2015-12-4']
['157', '2015-12-4']
['157', '2015-12-4']
['157', '2015-12-4']
['157', '2015-12-4']
['157', '2015-12-4']
['157', '2015-12-4']
['157', '2015-12-4']
['157', '2015-12-4']
['157', '2015-12-4']
['157', '2015-12-4']
['157', '2015-12-4']
['157', '2015-12-4']
['157', '2015-12-4']
['157', '2015-12-4']
['157', '2015-12-4']
['157', '2015-12-4']
['157', '2015-12-4']
['157', '2015-12-4']
['157', '2015-12-4']
['157', '2015-12-4']
['157', '2015-12-5']
['157', '2015-12-5']
['157', '2015-12-5']
['157', '2015-12-5']
['157', '2015-12-5']
['157', '2015-12-5']
['157', '2015-12-5']
['157', '2015-12-5']
['157', '2015-12-5']
['157', '2015-12-5']
['157', '2015-12-5']
['157', '2015-12-5']
['157', '2015-12-5']
['157', '2015-12-5']
['157', '2015-12-5']
['157', '2015-12-5']
['157', '2015-12-5']
['157', '2015-12-5']
['157', '2015-12-5']
['157', '2015-12-5']
['157', '2015-12-5']
['157', '2015-12-6']
['157', '2015-12-6']
['157', '2015-12-6']
['157', '2015-12-6']
['157', '2015-12-6']
['157', '2015-12-6']
['157', '2015-12-6']
['157', '2015-12-6']
['157', '2015-12-6']
['157', '2015-12-6']
['157', '2015-12-6']
['157', '2015-12-6']
['157', '2015-12-6']
['157', '2015-12-6']
['157', '2015-12-6']
['157', '2015-12-6']
['157', '2015-12-7']
['157', '2015-12-7']
['157', '2015-12-7']
['157', '2015-12-7']
['157', '2015-12-7']
['157', '2015-12-7']
['157', '2015-12-7']
['157', '2015-12-7']
['157', '2015-12-7']
['157', '2015-12-7']
['157', '2015-12-7']
['157', '2015-12-7']
['157', '2015-12-7']
['157', '2015-12-7']
['157', '2015-12-7']
['157', '2015-12-7']
['157', '2015-12-7']
['157', '2015-12-7']
['157', '2015-12-7']
['157', '2015-12-7']
['157', '2015-12-7']
['157', '2015-12-7']
['157', '2015-12-7']
['157', '2015-12-7']
['157', '2015-12-8']
['157', '2015-12-8']
['157', '2015-12-8']
['157', '2015-12-8']
['157', '2015-12-8']
['157', '2015-12-8']
['157', '2015-12-8']
['157', '2015-12-8']
['157', '2015-12-8']
['157', '2015-12-8']
['157', '2015-12-8']
['157', '2015-12-8']
['157', '2015-12-8']
['157', '2015-12-8']
['157', '2015-12-8']
['157', '2015-12-8']
['157', '2015-12-8']
['157', '2015-12-8']
['157', '2015-12-8']
['157', '2015-12-8']
['157', '2015-12-8']
['157', '2015-12-8']
['157', '2015-12-9']
['157', '2015-12-9']
['157', '2015-12-9']
['157', '2015-12-9']
['157', '2015-12-9']
['157', '2015-12-9']
['157', '2015-12-9']
['157', '2015-12-9']
['157', '2015-12-9']
['157', '2015-12-9']
['157', '2015-12-9']
['157', '2015-12-9']
['157', '2015-12-9']
['157', '2015-12-9']
['157', '2015-12-9']
['157', '2015-12-9']
['157', '2015-12-9']
['157', '2015-12-9']
['157', '2015-12-9']
['157', '2015-12-9']
['157', '2015-12-9']
['157', '2015-12-9']
['157', '2015-12-9']
['157', '2015-12-9']
['157', '2015-12-9']
['158', '2015-12-1']
['158', '2015-12-1']
['158', '2015-12-1']
['158', '2015-12-1']
['158', '2015-12-1']
['158', '2015-12-1']
['158', '2015-12-1']
['158', '2015-12-1']
['158', '2015-12-1']
['158', '2015-12-10']
['158', '2015-12-10']
['158', '2015-12-10']
['158', '2015-12-10']
['158', '2015-12-10']
['158', '2015-12-10']
['158', '2015-12-10']
['158', '2015-12-10']
['158', '2015-12-10']
['158', '2015-12-10']
['158', '2015-12-10']
['158', '2015-12-2']
['158', '2015-12-2']
['158', '2015-12-2']
['158', '2015-12-2']
['158', '2015-12-2']
['158', '2015-12-2']
['158', '2015-12-2']
['158', '2015-12-3']
['158', '2015-12-3']
['158', '2015-12-3']
['158', '2015-12-3']
['158', '2015-12-3']
['158', '2015-12-3']
['158', '2015-12-3']
['158', '2015-12-3']
['158', '2015-12-3']
['158', '2015-12-3']
['158', '2015-12-3']
['158', '2015-12-4']
['158', '2015-12-4']
['158', '2015-12-4']
['158', '2015-12-4']
['158', '2015-12-4']
['158', '2015-12-4']
['158', '2015-12-4']
['158', '2015-12-5']
['158', '2015-12-5']
['158', '2015-12-5']
['158', '2015-12-5']
['158', '2015-12-5']
['158', '2015-12-5']
['158', '2015-12-5']
['158', '2015-12-5']
['158', '2015-12-5']
['158', '2015-12-5']
['158', '2015-12-6']
['158', '2015-12-6']
['158', '2015-12-6']
['158', '2015-12-6']
['158', '2015-12-6']
['158', '2015-12-6']
['158', '2015-12-6']
['158', '2015-12-6']
['158', '2015-12-6']
['158', '2015-12-6']
['158', '2015-12-6']
['158', '2015-12-7']
['158', '2015-12-7']
['158', '2015-12-7']
['158', '2015-12-7']
['158', '2015-12-7']
['158', '2015-12-7']
['158', '2015-12-7']
['158', '2015-12-7']
['158', '2015-12-7']
['158', '2015-12-8']
['158', '2015-12-8']
['158', '2015-12-8']
['158', '2015-12-8']
['158', '2015-12-8']
['158', '2015-12-8']
['158', '2015-12-8']
['158', '2015-12-9']
['158', '2015-12-9']
['158', '2015-12-9']
['158', '2015-12-9']
['158', '2015-12-9']
['158', '2015-12-9']
['158', '2015-12-9']
['158', '2015-12-9']
['158', '2015-12-9']
['158', '2015-12-9']
['158', '2015-12-9']
['158', '2015-12-9']
['159', '2015-12-1']
['159', '2015-12-1']
['159', '2015-12-10']
['159', '2015-12-10']
['159', '2015-12-2']
['159', '2015-12-2']
['159', '2015-12-3']
['159', '2015-12-3']
['159', '2015-12-4']
['159', '2015-12-4']
['159', '2015-12-4']
['159', '2015-12-5']
['159', '2015-12-6']
['159', '2015-12-6']
['159', '2015-12-7']
['159', '2015-12-8']
['159', '2015-12-8']
['159', '2015-12-8']
['159', '2015-12-8']
['159', '2015-12-9']
['159', '2015-12-9']
['160', '2015-12-1']
['160', '2015-12-1']
['160', '2015-12-1']
['160', '2015-12-10']
['160', '2015-12-10']
['160', '2015-12-10']
['160', '2015-12-3']
['160', '2015-12-3']
['160', '2015-12-3']
['160', '2015-12-4']
['160', '2015-12-4']
['160', '2015-12-5']
['160', '2015-12-6']
['160', '2015-12-6']
['160', '2015-12-7']
['160', '2015-12-7']
['160', '2015-12-8']
['160', '2015-12-9']
['161', '2015-12-1']
['161', '2015-12-10']
['161', '2015-12-10']
['161', '2015-12-10']
['161', '2015-12-10']
['161', '2015-12-10']
['161', '2015-12-2']
['161', '2015-12-2']
['161', '2015-12-2']
['161', '2015-12-3']
['161', '2015-12-3']
['161', '2015-12-4']
['161', '2015-12-4']
['161', '2015-12-4']
['161', '2015-12-4']
['161', '2015-12-5']
['161', '2015-12-5']
['161', '2015-12-5']
['161', '2015-12-6']
['161', '2015-12-6']
['161', '2015-12-6']
['161', '2015-12-6']
['161', '2015-12-6']
['161', '2015-12-8']
['161', '2015-12-8']
['161', '2015-12-8']
['161', '2015-12-8']
['161', '2015-12-9']
['161', '2015-12-9']
['162', '2015-12-10']
['162', '2015-12-3']
['162', '2015-12-6']
['162', '2015-12-8']
['163', '2015-12-7']
['164', '2015-12-3']
['180', '2015-12-4']
['180', '2015-12-8']
['181', '2015-12-1']
['181', '2015-12-1']
['181', '2015-12-1']
['181', '2015-12-1']
['181', '2015-12-1']
['181', '2015-12-1']
['181', '2015-12-1']
['181', '2015-12-1']
['181', '2015-12-1']
['181', '2015-12-1']
['181', '2015-12-1']
['181', '2015-12-1']
['181', '2015-12-1']
['181', '2015-12-1']
['181', '2015-12-1']
['181', '2015-12-1']
['181', '2015-12-1']
['181', '2015-12-1']
['181', '2015-12-1']
['181', '2015-12-1']
['181', '2015-12-1']
['181', '2015-12-1']
['181', '2015-12-1']
['181', '2015-12-1']
['181', '2015-12-1']
['181', '2015-12-1']
['181', '2015-12-1']
['181', '2015-12-1']
['181', '2015-12-1']
['181', '2015-12-1']
['181', '2015-12-1']
['181', '2015-12-1']
['181', '2015-12-1']
['181', '2015-12-1']
['181', '2015-12-1']
['181', '2015-12-1']
['181', '2015-12-1']
['181', '2015-12-1']
['181', '2015-12-1']
['181', '2015-12-1']
['181', '2015-12-1']
['181', '2015-12-1']
['181', '2015-12-1']
['181', '2015-12-10']
['181', '2015-12-10']
['181', '2015-12-10']
['181', '2015-12-10']
['181', '2015-12-10']
['181', '2015-12-10']
['181', '2015-12-10']
['181', '2015-12-10']
['181', '2015-12-10']
['181', '2015-12-10']
['181', '2015-12-10']
['181', '2015-12-10']
['181', '2015-12-10']
['181', '2015-12-10']
['181', '2015-12-10']
['181', '2015-12-10']
['181', '2015-12-10']
['181', '2015-12-10']
['181', '2015-12-10']
['181', '2015-12-10']
['181', '2015-12-10']
['181', '2015-12-10']
['181', '2015-12-10']
['181', '2015-12-10']
['181', '2015-12-10']
['181', '2015-12-10']
['181', '2015-12-10']
['181', '2015-12-10']
['181', '2015-12-10']
['181', '2015-12-10']
['181', '2015-12-10']
['181', '2015-12-10']
['181', '2015-12-10']
['181', '2015-12-10']
['181', '2015-12-10']
['181', '2015-12-10']
['181', '2015-12-10']
['181', '2015-12-10']
['181', '2015-12-10']
['181', '2015-12-2']
['181', '2015-12-2']
['181', '2015-12-2']
['181', '2015-12-2']
['181', '2015-12-2']
['181', '2015-12-2']
['181', '2015-12-2']
['181', '2015-12-2']
['181', '2015-12-2']
['181', '2015-12-2']
['181', '2015-12-2']
['181', '2015-12-2']
['181', '2015-12-2']
['181', '2015-12-2']
['181', '2015-12-2']
['181', '2015-12-2']
['181', '2015-12-2']
['181', '2015-12-2']
['181', '2015-12-2']
['181', '2015-12-2']
['181', '2015-12-2']
['181', '2015-12-2']
['181', '2015-12-2']
['181', '2015-12-2']
['181', '2015-12-2']
['181', '2015-12-2']
['181', '2015-12-2']
['181', '2015-12-2']
['181', '2015-12-2']
['181', '2015-12-2']
['181', '2015-12-2']
['181', '2015-12-2']
['181', '2015-12-2']
['181', '2015-12-2']
['181', '2015-12-2']
['181', '2015-12-2']
['181', '2015-12-2']
['181', '2015-12-2']
['181', '2015-12-2']
['181', '2015-12-2']
['181', '2015-12-2']
['181', '2015-12-2']
['181', '2015-12-2']
['181', '2015-12-2']
['181', '2015-12-2']
['181', '2015-12-2']
['181', '2015-12-3']
['181', '2015-12-3']
['181', '2015-12-3']
['181', '2015-12-3']
['181', '2015-12-3']
['181', '2015-12-3']
['181', '2015-12-3']
['181', '2015-12-3']
['181', '2015-12-3']
['181', '2015-12-3']
['181', '2015-12-3']
['181', '2015-12-3']
['181', '2015-12-3']
['181', '2015-12-3']
['181', '2015-12-3']
['181', '2015-12-3']
['181', '2015-12-3']
['181', '2015-12-3']
['181', '2015-12-3']
['181', '2015-12-3']
['181', '2015-12-3']
['181', '2015-12-3']
['181', '2015-12-3']
['181', '2015-12-3']
['181', '2015-12-3']
['181', '2015-12-3']
['181', '2015-12-3']
['181', '2015-12-3']
['181', '2015-12-3']
['181', '2015-12-3']
['181', '2015-12-3']
['181', '2015-12-3']
['181', '2015-12-3']
['181', '2015-12-3']
['181', '2015-12-3']
['181', '2015-12-3']
['181', '2015-12-3']
['181', '2015-12-3']
['181', '2015-12-3']
['181', '2015-12-3']
['181', '2015-12-3']
['181', '2015-12-3']
['181', '2015-12-3']
['181', '2015-12-3']
['181', '2015-12-3']
['181', '2015-12-3']
['181', '2015-12-3']
['181', '2015-12-4']
['181', '2015-12-4']
['181', '2015-12-4']
['181', '2015-12-4']
['181', '2015-12-4']
['181', '2015-12-4']
['181', '2015-12-4']
['181', '2015-12-4']
['181', '2015-12-4']
['181', '2015-12-4']
['181', '2015-12-4']
['181', '2015-12-4']
['181', '2015-12-4']
['181', '2015-12-4']
['181', '2015-12-4']
['181', '2015-12-4']
['181', '2015-12-4']
['181', '2015-12-4']
['181', '2015-12-4']
['181', '2015-12-4']
['181', '2015-12-4']
['181', '2015-12-4']
['181', '2015-12-4']
['181', '2015-12-4']
['181', '2015-12-4']
['181', '2015-12-4']
['181', '2015-12-4']
['181', '2015-12-4']
['181', '2015-12-4']
['181', '2015-12-4']
['181', '2015-12-4']
['181', '2015-12-4']
['181', '2015-12-4']
['181', '2015-12-4']
['181', '2015-12-4']
['181', '2015-12-4']
['181', '2015-12-4']
['181', '2015-12-4']
['181', '2015-12-4']
['181', '2015-12-4']
['181', '2015-12-4']
['181', '2015-12-4']
['181', '2015-12-4']
['181', '2015-12-5']
['181', '2015-12-5']
['181', '2015-12-5']
['181', '2015-12-5']
['181', '2015-12-5']
['181', '2015-12-5']
['181', '2015-12-5']
['181', '2015-12-5']
['181', '2015-12-5']
['181', '2015-12-5']
['181', '2015-12-5']
['181', '2015-12-5']
['181', '2015-12-5']
['181', '2015-12-5']
['181', '2015-12-5']
['181', '2015-12-5']
['181', '2015-12-5']
['181', '2015-12-5']
['181', '2015-12-5']
['181', '2015-12-5']
['181', '2015-12-5']
['181', '2015-12-5']
['181', '2015-12-5']
['181', '2015-12-5']
['181', '2015-12-5']
['181', '2015-12-5']
['181', '2015-12-5']
['181', '2015-12-5']
['181', '2015-12-5']
['181', '2015-12-5']
['181', '2015-12-5']
['181', '2015-12-5']
['181', '2015-12-5']
['181', '2015-12-5']
['181', '2015-12-5']
['181', '2015-12-5']
['181', '2015-12-5']
['181', '2015-12-5']
['181', '2015-12-5']
['181', '2015-12-6']
['181', '2015-12-6']
['181', '2015-12-6']
['181', '2015-12-6']
['181', '2015-12-6']
['181', '2015-12-6']
['181', '2015-12-6']
['181', '2015-12-6']
['181', '2015-12-6']
['181', '2015-12-6']
['181', '2015-12-6']
['181', '2015-12-6']
['181', '2015-12-6']
['181', '2015-12-6']
['181', '2015-12-6']
['181', '2015-12-6']
['181', '2015-12-6']
['181', '2015-12-6']
['181', '2015-12-6']
['181', '2015-12-6']
['181', '2015-12-6']
['181', '2015-12-6']
['181', '2015-12-6']
['181', '2015-12-6']
['181', '2015-12-6']
['181', '2015-12-6']
['181', '2015-12-6']
['181', '2015-12-6']
['181', '2015-12-6']
['181', '2015-12-6']
['181', '2015-12-6']
['181', '2015-12-6']
['181', '2015-12-6']
['181', '2015-12-7']
['181', '2015-12-7']
['181', '2015-12-7']
['181', '2015-12-7']
['181', '2015-12-7']
['181', '2015-12-7']
['181', '2015-12-7']
['181', '2015-12-7']
['181', '2015-12-7']
['181', '2015-12-7']
['181', '2015-12-7']
['181', '2015-12-7']
['181', '2015-12-7']
['181', '2015-12-7']
['181', '2015-12-7']
['181', '2015-12-7']
['181', '2015-12-7']
['181', '2015-12-7']
['181', '2015-12-7']
['181', '2015-12-7']
['181', '2015-12-7']
['181', '2015-12-7']
['181', '2015-12-7']
['181', '2015-12-7']
['181', '2015-12-7']
['181', '2015-12-7']
['181', '2015-12-7']
['181', '2015-12-7']
['181', '2015-12-7']
['181', '2015-12-7']
['181', '2015-12-7']
['181', '2015-12-7']
['181', '2015-12-7']
['181', '2015-12-7']
['181', '2015-12-7']
['181', '2015-12-8']
['181', '2015-12-8']
['181', '2015-12-8']
['181', '2015-12-8']
['181', '2015-12-8']
['181', '2015-12-8']
['181', '2015-12-8']
['181', '2015-12-8']
['181', '2015-12-8']
['181', '2015-12-8']
['181', '2015-12-8']
['181', '2015-12-8']
['181', '2015-12-8']
['181', '2015-12-8']
['181', '2015-12-8']
['181', '2015-12-8']
['181', '2015-12-8']
['181', '2015-12-8']
['181', '2015-12-8']
['181', '2015-12-8']
['181', '2015-12-8']
['181', '2015-12-8']
['181', '2015-12-8']
['181', '2015-12-8']
['181', '2015-12-8']
['181', '2015-12-8']
['181', '2015-12-8']
['181', '2015-12-8']
['181', '2015-12-8']
['181', '2015-12-8']
['181', '2015-12-8']
['181', '2015-12-8']
['181', '2015-12-8']
['181', '2015-12-8']
['181', '2015-12-8']
['181', '2015-12-8']
['181', '2015-12-8']
['181', '2015-12-8']
['181', '2015-12-8']
['181', '2015-12-8']
['181', '2015-12-9']
['181', '2015-12-9']
['181', '2015-12-9']
['181', '2015-12-9']
['181', '2015-12-9']
['181', '2015-12-9']
['181', '2015-12-9']
['181', '2015-12-9']
['181', '2015-12-9']
['181', '2015-12-9']
['181', '2015-12-9']
['181', '2015-12-9']
['181', '2015-12-9']
['181', '2015-12-9']
['181', '2015-12-9']
['181', '2015-12-9']
['181', '2015-12-9']
['181', '2015-12-9']
['181', '2015-12-9']
['181', '2015-12-9']
['181', '2015-12-9']
['181', '2015-12-9']
['181', '2015-12-9']
['181', '2015-12-9']
['181', '2015-12-9']
['181', '2015-12-9']
['181', '2015-12-9']
['181', '2015-12-9']
['181', '2015-12-9']
['181', '2015-12-9']
['181', '2015-12-9']
['181', '2015-12-9']
['181', '2015-12-9']
['181', '2015-12-9']
['181', '2015-12-9']
['181', '2015-12-9']
['181', '2015-12-9']
['181', '2015-12-9']
['181', '2015-12-9']
['181', '2015-12-9']
['181', '2015-12-9']
['181', '2015-12-9']
['182', '2015-12-1']
['182', '2015-12-1']
['182', '2015-12-1']
['182', '2015-12-1']
['182', '2015-12-1']
['182', '2015-12-1']
['182', '2015-12-1']
['182', '2015-12-1']
['182', '2015-12-1']
['182', '2015-12-1']
['182', '2015-12-1']
['182', '2015-12-1']
['182', '2015-12-1']
['182', '2015-12-1']
['182', '2015-12-1']
['182', '2015-12-1']
['182', '2015-12-1']
['182', '2015-12-1']
['182', '2015-12-1']
['182', '2015-12-1']
['182', '2015-12-1']
['182', '2015-12-1']
['182', '2015-12-1']
['182', '2015-12-1']
['182', '2015-12-1']
['182', '2015-12-1']
['182', '2015-12-1']
['182', '2015-12-1']
['182', '2015-12-1']
['182', '2015-12-1']
['182', '2015-12-1']
['182', '2015-12-1']
['182', '2015-12-10']
['182', '2015-12-10']
['182', '2015-12-10']
['182', '2015-12-10']
['182', '2015-12-10']
['182', '2015-12-10']
['182', '2015-12-10']
['182', '2015-12-10']
['182', '2015-12-10']
['182', '2015-12-10']
['182', '2015-12-10']
['182', '2015-12-10']
['182', '2015-12-10']
['182', '2015-12-10']
['182', '2015-12-10']
['182', '2015-12-10']
['182', '2015-12-10']
['182', '2015-12-10']
['182', '2015-12-10']
['182', '2015-12-10']
['182', '2015-12-10']
['182', '2015-12-10']
['182', '2015-12-10']
['182', '2015-12-10']
['182', '2015-12-10']
['182', '2015-12-10']
['182', '2015-12-10']
['182', '2015-12-10']
['182', '2015-12-10']
['182', '2015-12-10']
['182', '2015-12-10']
['182', '2015-12-10']
['182', '2015-12-10']
['182', '2015-12-2']
['182', '2015-12-2']
['182', '2015-12-2']
['182', '2015-12-2']
['182', '2015-12-2']
['182', '2015-12-2']
['182', '2015-12-2']
['182', '2015-12-2']
['182', '2015-12-2']
['182', '2015-12-2']
['182', '2015-12-2']
['182', '2015-12-2']
['182', '2015-12-2']
['182', '2015-12-2']
['182', '2015-12-2']
['182', '2015-12-2']
['182', '2015-12-2']
['182', '2015-12-2']
['182', '2015-12-2']
['182', '2015-12-2']
['182', '2015-12-2']
['182', '2015-12-2']
['182', '2015-12-2']
['182', '2015-12-2']
['182', '2015-12-2']
['182', '2015-12-2']
['182', '2015-12-2']
['182', '2015-12-2']
['182', '2015-12-2']
['182', '2015-12-2']
['182', '2015-12-2']
['182', '2015-12-2']
['182', '2015-12-2']
['182', '2015-12-2']
['182', '2015-12-2']
['182', '2015-12-2']
['182', '2015-12-2']
['182', '2015-12-3']
['182', '2015-12-3']
['182', '2015-12-3']
['182', '2015-12-3']
['182', '2015-12-3']
['182', '2015-12-3']
['182', '2015-12-3']
['182', '2015-12-3']
['182', '2015-12-3']
['182', '2015-12-3']
['182', '2015-12-3']
['182', '2015-12-3']
['182', '2015-12-3']
['182', '2015-12-3']
['182', '2015-12-3']
['182', '2015-12-3']
['182', '2015-12-3']
['182', '2015-12-3']
['182', '2015-12-3']
['182', '2015-12-3']
['182', '2015-12-3']
['182', '2015-12-3']
['182', '2015-12-3']
['182', '2015-12-3']
['182', '2015-12-3']
['182', '2015-12-3']
['182', '2015-12-3']
['182', '2015-12-3']
['182', '2015-12-3']
['182', '2015-12-3']
['182', '2015-12-3']
['182', '2015-12-3']
['182', '2015-12-3']
['182', '2015-12-3']
['182', '2015-12-3']
['182', '2015-12-3']
['182', '2015-12-3']
['182', '2015-12-4']
['182', '2015-12-4']
['182', '2015-12-4']
['182', '2015-12-4']
['182', '2015-12-4']
['182', '2015-12-4']
['182', '2015-12-4']
['182', '2015-12-4']
['182', '2015-12-4']
['182', '2015-12-4']
['182', '2015-12-4']
['182', '2015-12-4']
['182', '2015-12-4']
['182', '2015-12-4']
['182', '2015-12-4']
['182', '2015-12-4']
['182', '2015-12-4']
['182', '2015-12-4']
['182', '2015-12-4']
['182', '2015-12-4']
['182', '2015-12-4']
['182', '2015-12-4']
['182', '2015-12-4']
['182', '2015-12-4']
['182', '2015-12-4']
['182', '2015-12-4']
['182', '2015-12-4']
['182', '2015-12-4']
['182', '2015-12-4']
['182', '2015-12-4']
['182', '2015-12-4']
['182', '2015-12-4']
['182', '2015-12-4']
['182', '2015-12-4']
['182', '2015-12-4']
['182', '2015-12-4']
['182', '2015-12-4']
['182', '2015-12-5']
['182', '2015-12-5']
['182', '2015-12-5']
['182', '2015-12-5']
['182', '2015-12-5']
['182', '2015-12-5']
['182', '2015-12-5']
['182', '2015-12-5']
['182', '2015-12-5']
['182', '2015-12-5']
['182', '2015-12-5']
['182', '2015-12-5']
['182', '2015-12-5']
['182', '2015-12-5']
['182', '2015-12-5']
['182', '2015-12-5']
['182', '2015-12-5']
['182', '2015-12-5']
['182', '2015-12-5']
['182', '2015-12-5']
['182', '2015-12-5']
['182', '2015-12-5']
['182', '2015-12-5']
['182', '2015-12-5']
['182', '2015-12-5']
['182', '2015-12-5']
['182', '2015-12-5']
['182', '2015-12-5']
['182', '2015-12-5']
['182', '2015-12-5']
['182', '2015-12-5']
['182', '2015-12-5']
['182', '2015-12-5']
['182', '2015-12-6']
['182', '2015-12-6']
['182', '2015-12-6']
['182', '2015-12-6']
['182', '2015-12-6']
['182', '2015-12-6']
['182', '2015-12-6']
['182', '2015-12-6']
['182', '2015-12-6']
['182', '2015-12-6']
['182', '2015-12-6']
['182', '2015-12-6']
['182', '2015-12-6']
['182', '2015-12-6']
['182', '2015-12-6']
['182', '2015-12-6']
['182', '2015-12-6']
['182', '2015-12-6']
['182', '2015-12-6']
['182', '2015-12-6']
['182', '2015-12-6']
['182', '2015-12-6']
['182', '2015-12-6']
['182', '2015-12-6']
['182', '2015-12-6']
['182', '2015-12-6']
['182', '2015-12-6']
['182', '2015-12-6']
['182', '2015-12-6']
['182', '2015-12-7']
['182', '2015-12-7']
['182', '2015-12-7']
['182', '2015-12-7']
['182', '2015-12-7']
['182', '2015-12-7']
['182', '2015-12-7']
['182', '2015-12-7']
['182', '2015-12-7']
['182', '2015-12-7']
['182', '2015-12-7']
['182', '2015-12-7']
['182', '2015-12-7']
['182', '2015-12-7']
['182', '2015-12-7']
['182', '2015-12-7']
['182', '2015-12-7']
['182', '2015-12-7']
['182', '2015-12-7']
['182', '2015-12-7']
['182', '2015-12-7']
['182', '2015-12-7']
['182', '2015-12-7']
['182', '2015-12-7']
['182', '2015-12-7']
['182', '2015-12-7']
['182', '2015-12-7']
['182', '2015-12-7']
['182', '2015-12-7']
['182', '2015-12-7']
['182', '2015-12-7']
['182', '2015-12-7']
['182', '2015-12-7']
['182', '2015-12-7']
['182', '2015-12-7']
['182', '2015-12-7']
['182', '2015-12-7']
['182', '2015-12-7']
['182', '2015-12-7']
['182', '2015-12-7']
['182', '2015-12-7']
['182', '2015-12-8']
['182', '2015-12-8']
['182', '2015-12-8']
['182', '2015-12-8']
['182', '2015-12-8']
['182', '2015-12-8']
['182', '2015-12-8']
['182', '2015-12-8']
['182', '2015-12-8']
['182', '2015-12-8']
['182', '2015-12-8']
['182', '2015-12-8']
['182', '2015-12-8']
['182', '2015-12-8']
['182', '2015-12-8']
['182', '2015-12-8']
['182', '2015-12-8']
['182', '2015-12-8']
['182', '2015-12-8']
['182', '2015-12-8']
['182', '2015-12-8']
['182', '2015-12-8']
['182', '2015-12-8']
['182', '2015-12-8']
['182', '2015-12-8']
['182', '2015-12-8']
['182', '2015-12-8']
['182', '2015-12-8']
['182', '2015-12-8']
['182', '2015-12-8']
['182', '2015-12-8']
['182', '2015-12-8']
['182', '2015-12-8']
['182', '2015-12-8']
['182', '2015-12-8']
['182', '2015-12-8']
['182', '2015-12-8']
['182', '2015-12-9']
['182', '2015-12-9']
['182', '2015-12-9']
['182', '2015-12-9']
['182', '2015-12-9']
['182', '2015-12-9']
['182', '2015-12-9']
['182', '2015-12-9']
['182', '2015-12-9']
['182', '2015-12-9']
['182', '2015-12-9']
['182', '2015-12-9']
['182', '2015-12-9']
['182', '2015-12-9']
['182', '2015-12-9']
['182', '2015-12-9']
['182', '2015-12-9']
['182', '2015-12-9']
['182', '2015-12-9']
['182', '2015-12-9']
['182', '2015-12-9']
['182', '2015-12-9']
['182', '2015-12-9']
['182', '2015-12-9']
['182', '2015-12-9']
['182', '2015-12-9']
['183', '2015-12-1']
['183', '2015-12-1']
['183', '2015-12-1']
['183', '2015-12-1']
['183', '2015-12-2']
['183', '2015-12-2']
['183', '2015-12-3']
['183', '2015-12-3']
['183', '2015-12-3']
['183', '2015-12-4']
['183', '2015-12-4']
['183', '2015-12-4']
['183', '2015-12-5']
['183', '2015-12-5']
['183', '2015-12-5']
['183', '2015-12-5']
['183', '2015-12-6']
['183', '2015-12-6']
['183', '2015-12-6']
['183', '2015-12-6']
['183', '2015-12-7']
['183', '2015-12-7']
['183', '2015-12-8']
['183', '2015-12-8']
['183', '2015-12-8']
['183', '2015-12-8']
['183', '2015-12-8']
['183', '2015-12-9']
['183', '2015-12-9']
['184', '2015-12-1']
['184', '2015-12-1']
['184', '2015-12-1']
['184', '2015-12-1']
['184', '2015-12-1']
['184', '2015-12-10']
['184', '2015-12-10']
['184', '2015-12-10']
['184', '2015-12-10']
['184', '2015-12-10']
['184', '2015-12-10']
['184', '2015-12-2']
['184', '2015-12-2']
['184', '2015-12-2']
['184', '2015-12-2']
['184', '2015-12-2']
['184', '2015-12-2']
['184', '2015-12-2']
['184', '2015-12-2']
['184', '2015-12-2']
['184', '2015-12-3']
['184', '2015-12-3']
['184', '2015-12-3']
['184', '2015-12-3']
['184', '2015-12-3']
['184', '2015-12-3']
['184', '2015-12-3']
['184', '2015-12-4']
['184', '2015-12-4']
['184', '2015-12-4']
['184', '2015-12-4']
['184', '2015-12-4']
['184', '2015-12-5']
['184', '2015-12-5']
['184', '2015-12-5']
['184', '2015-12-5']
['184', '2015-12-5']
['184', '2015-12-5']
['184', '2015-12-5']
['184', '2015-12-6']
['184', '2015-12-6']
['184', '2015-12-6']
['184', '2015-12-6']
['184', '2015-12-6']
['184', '2015-12-6']
['184', '2015-12-6']
['184', '2015-12-7']
['184', '2015-12-7']
['184', '2015-12-7']
['184', '2015-12-7']
['184', '2015-12-7']
['184', '2015-12-7']
['184', '2015-12-7']
['184', '2015-12-7']
['184', '2015-12-7']
['184', '2015-12-7']
['184', '2015-12-8']
['184', '2015-12-8']
['184', '2015-12-8']
['184', '2015-12-8']
['184', '2015-12-9']
['184', '2015-12-9']
['184', '2015-12-9']
['184', '2015-12-9']
['185', '2015-12-1']
['185', '2015-12-1']
['185', '2015-12-10']
['185', '2015-12-10']
['185', '2015-12-10']
['185', '2015-12-2']
['185', '2015-12-2']
['185', '2015-12-3']
['185', '2015-12-3']
['185', '2015-12-3']
['185', '2015-12-4']
['185', '2015-12-4']
['185', '2015-12-4']
['185', '2015-12-4']
['185', '2015-12-5']
['185', '2015-12-5']
['185', '2015-12-5']
['185', '2015-12-6']
['185', '2015-12-6']
['185', '2015-12-6']
['185', '2015-12-6']
['185', '2015-12-7']
['185', '2015-12-7']
['185', '2015-12-8']
['185', '2015-12-8']
['185', '2015-12-9']
['185', '2015-12-9']
['185', '2015-12-9']
['186', '2015-12-1']
['186', '2015-12-1']
['186', '2015-12-1']
['186', '2015-12-10']
['186', '2015-12-10']
['186', '2015-12-2']
['186', '2015-12-2']
['186', '2015-12-2']
['186', '2015-12-2']
['186', '2015-12-2']
['186', '2015-12-3']
['186', '2015-12-3']
['186', '2015-12-4']
['186', '2015-12-5']
['186', '2015-12-5']
['186', '2015-12-5']
['186', '2015-12-6']
['186', '2015-12-6']
['186', '2015-12-6']
['186', '2015-12-7']
['186', '2015-12-7']
['186', '2015-12-7']
['186', '2015-12-8']
['186', '2015-12-9']
['186', '2015-12-9']
['186', '2015-12-9']
['187', '2015-12-10']
['187', '2015-12-5']
['187', '2015-12-7']
['187', '2015-12-8']
['187', '2015-12-9']
107, 2015-12-1, 6
108, 2015-12-9, 15
109, 2015-12-5, 3
110, 2015-12-2, 2
111, 2015-12-2, 2
112, 2015-12-6, 1
114, 2015-12-9, 1
132, 2015-12-8, 23
133, 2015-12-8, 9
134, 2015-12-5, 5
135, 2015-12-1, 2
136, 2015-12-1, 4
137, 2015-12-4, 1
139, 2015-12-9, 1
156, 2015-12-2, 10
157, 2015-12-9, 25
158, 2015-12-9, 12
159, 2015-12-8, 4
160, 2015-12-1, 3
161, 2015-12-6, 5
162, 2015-12-3, 1
163, 2015-12-7, 1
164, 2015-12-3, 1
180, 2015-12-4, 1
181, 2015-12-3, 47
182, 2015-12-7, 41
183, 2015-12-8, 5
184, 2015-12-7, 10
185, 2015-12-4, 4
186, 2015-12-2, 5
187, 2015-12-5, 1
